{
  "units": {
    "position": "m",
    "angle": "deg",
    "covariance": "m^2"
  },
  "data_selection": {
    "rotation_csv": "results/real_rotation_runs.csv",
    "run_range": "1:15",
    "run_id_prefix": "run_real_rot_ccw180_",
    "selected_run_ids": [
      "run_real_rot_ccw180_001",
      "run_real_rot_ccw180_002",
      "run_real_rot_ccw180_003",
      "run_real_rot_ccw180_004",
      "run_real_rot_ccw180_005",
      "run_real_rot_ccw180_006",
      "run_real_rot_ccw180_007",
      "run_real_rot_ccw180_008",
      "run_real_rot_ccw180_009",
      "run_real_rot_ccw180_010",
      "run_real_rot_ccw180_011",
      "run_real_rot_ccw180_012",
      "run_real_rot_ccw180_013",
      "run_real_rot_ccw180_014",
      "run_real_rot_ccw180_015"
    ],
    "skipped_rows": []
  },
  "tracker_yaw_sign_correction": -1.0,
  "command_angle_deg": {
    "mean": 180.0,
    "std": 0.0,
    "min": 180.0,
    "max": 180.0
  },
  "tracker_rotation_model": {
    "n": 15,
    "corrected_yaw_change_deg": {
      "mean": 175.1107989333333,
      "std": 0.4453230286043493,
      "min": 174.43189600000005,
      "max": 176.08232600000002
    },
    "corrected_yaw_error_deg": {
      "mean": -4.889201066666668,
      "std": 0.4453230286043493,
      "min": -5.568103999999948,
      "max": -3.917673999999977
    },
    "drift_mu": [
      0.018833199999999998,
      0.0009480000000000026
    ],
    "drift_sigma": [
      [
        2.257873142857179e-07,
        1.5301292857142364e-07
      ],
      [
        1.5301292857142364e-07,
        3.6995671428570734e-07
      ]
    ],
    "drift_std": [
      0.0004751708264253161,
      0.000608240671351158
    ],
    "local_drift_mu": [
      -0.018844122288361954,
      -0.0007653130989677064
    ],
    "local_drift_sigma": [
      [
        2.2917065735505912e-07,
        1.21481826071241e-07
      ],
      [
        1.21481826071241e-07,
        2.6101331601141874e-07
      ]
    ],
    "local_drift_std": [
      0.0004787177219981094,
      0.0005108946231968181
    ],
    "drift_magnitude_m": {
      "mean": 0.018865906712756637,
      "std": 0.00048739603898526523,
      "min": 0.017841197745667184,
      "max": 0.019708934674405938
    }
  },
  "odom_reference": {
    "yaw_change_deg": {
      "mean": 175.932922422084,
      "std": 0.3432783165766911,
      "min": 175.39193956560285,
      "max": 176.38328346702224
    },
    "yaw_error_deg": {
      "mean": -4.067077577916003,
      "std": 0.3432783165766911,
      "min": -4.608060434397146,
      "max": -3.6167165329777617
    },
    "drift_magnitude_m": {
      "mean": 0.0003198385628344494,
      "std": 0.00019407115251111914,
      "min": 6.000683788341594e-05,
      "max": 0.0009186072787032715
    }
  }
}
