{
  "units": {
    "position": "m",
    "angle": "deg",
    "covariance": "m^2"
  },
  "model": "results/probabilistic_motion_primitives_model.json",
  "actions": [
    "F30",
    "F50",
    "CW45",
    "F50",
    "F50",
    "CCW90",
    "F30",
    "F30",
    "F30",
    "F30",
    "CW45",
    "F50",
    "F50",
    "F50",
    "F50",
    "CCW180",
    "F50"
  ],
  "start_pose": {
    "x": 0.0,
    "y": 0.0,
    "yaw_deg": 0.0
  },
  "fixed_points": [
    [
      0.0,
      0.0
    ],
    [
      0.8,
      0.0
    ],
    [
      1.507107,
      0.707107
    ],
    [
      2.355635,
      -0.141421
    ],
    [
      4.355635,
      -0.141421
    ],
    [
      3.855635,
      -0.141421
    ]
  ],
  "monte_carlo": {
    "samples": 10000,
    "seed": 7
  },
  "prediction": {
    "endpoint_mu": [
      3.9085219977198467,
      0.12933106377062786
    ],
    "endpoint_sigma": [
      [
        0.00044054254725766116,
        0.0016773686410077135
      ],
      [
        0.0016773686410077135,
        0.010048565273297401
      ]
    ],
    "endpoint_std": [
      0.02098910544205401,
      0.10024253225700856
    ],
    "endpoint_ellipse_95": {
      "center": [
        3.9085219977198467,
        0.12933106377062786
      ],
      "chi2_value": 5.991,
      "semi_major_m": 0.24880693209265886,
      "semi_minor_m": 0.030583582124800533,
      "major_axis_length_m": 0.4976138641853177,
      "minor_axis_length_m": 0.061167164249601065,
      "orientation_deg": 80.37642038928482,
      "area_m2": 0.02390565788610745
    },
    "final_yaw_mean_deg": -175.40126788182812,
    "final_yaw_std_deg": 2.5386828783241056,
    "mean_path_points": [
      [
        0.0,
        0.0
      ],
      [
        0.30180876562259795,
        -0.0018510836293532322
      ],
      [
        0.8031262010439688,
        -0.0007442900331593538
      ],
      [
        0.80080109310579,
        -0.0065187086300225764
      ],
      [
        1.1605582054054824,
        0.3426162455056402
      ],
      [
        1.5154119767876923,
        0.6967337358747931
      ],
      [
        1.5030430707044584,
        0.6984527512275109
      ],
      [
        1.7362714930070966,
        0.5068895487395035
      ],
      [
        1.97058079050382,
        0.3166499350313404
      ],
      [
        2.205963451829429,
        0.127740008705293
      ],
      [
        2.4424119312093877,
        -0.05983417426279167
      ],
      [
        2.4369777690052485,
        -0.06287060608239278
      ],
      [
        2.9361780621593643,
        -0.016832976208887483
      ],
      [
        3.434687869208349,
        0.036161064262743924
      ],
      [
        3.9324102565696357,
        0.09610121081667244
      ],
      [
        4.42924844377181,
        0.1629758082897239
      ],
      [
        4.410734569988042,
        0.1593809332603345
      ],
      [
        3.9103918552666403,
        0.1281149153696163
      ]
    ]
  },
  "validation": null,
  "assumptions": [
    "Primitive samples are independent.",
    "Yaw uncertainty is sampled separately from x/y displacement.",
    "The action sequence approximates the fixed-point path."
  ]
}
